Class,Accuracy (%)
otitis_externa,70.96774193548387
otitis_media,84.93150684931507
perforation,56.666666666666664
wax,73.23943661971832
